SpringIndex,IsActuator,Amplitude,Phase
0,0,0,0
1,0,0,0
2,0,0,0
3,0,0,0
4,0,0,0
5,0,0,0
6,1,0.149552,3.22325
7,1,0.149552,0.0816535
8,0,0,0
9,0,0,0
10,1,0.432963,2.50678
11,1,0.432963,5.64837
12,0,0,0
13,0,0,0
14,0,0,0
15,0,0,0
16,0,0,0
17,0,0,0
